,,total,adversarial,cluster,kernel
ML conference class A
2017,aaai,787,3,22,16
2017,cvpr,784,17,7,7
2017,iccv,622,19,8,4
2017,icml,435,11,17,15
2017,ijcai,782,12,20,11
2017,nips,680,50,42,40
2017,acl,Not Found
2016,aaai,692,2,16,8
2016,cvpr,644,0,10,8
2016,iccv,Not Found
2016,icml,323,2,10,9
2016,ijcai,659,2,17,5
2016,nips,570,22,32,30
2016,acl,Not Found
2015,aaai,675,0,18,11
2015,cvpr,603,0,15,11
2015,iccv,527,0,12,7
2015,icml,271,1,9,4
2015,ijcai,650,1,15,8
2015,nips,404,6,14,26
2015,acl,Not Found
2014,aaai,475,1,13,6
2014,cvpr,541,0,10,14
2014,iccv,Not Found
2014,icml,311,2,11,13
2014,ijcai,Not Found
2014,nips,412,6,36,24
2014,acl,Not Found
2013,aaai,252,0,9,6
2013,cvpr,472,1,7,7
2013,iccv,455,0,10,8
2013,icml,284,4,10,13
2013,ijcai,497,0,11,6
2013,nips,361,2,24,18
2013,acl,Not Found
ML conference class B
2017,colt,77,1,0,0
2017,emnlp,323,4,4,3
2017,ecai,Not Found
2017,eccv,Not Found
2017,icra,796,0,3,3
2017,aips,Not Found
2017,iccbr,30,0,0,0
2017,coling,Not Found
2017,kr,Not Found
2017,uai,93,1,2,2
2017,atal,Not Found
2017,ppsn,Not Found
2016,colt,71,1,0,2
2016,emnlp,266,0,2,0
2016,ecai,296,1,7,1
2016,eccv,Not Found
2016,icra,694,1,2,2
2016,aips,Not Found
2016,iccbr,30,0,0,0
2016,coling,339,0,3,0
2016,kr,76,0,0,0
2016,uai,86,1,4,5
2016,atal,Not Found
2016,ppsn,96,0,0,1
2015,colt,78,0,4,1
2015,emnlp,314,0,1,2
2015,ecai,Not Found
2015,eccv,Not Found
2015,icra,941,0,3,1
2015,aips,Not Found
2015,iccbr,27,0,0,0
2015,coling,Not Found
2015,kr,Not Found
2015,uai,100,1,2,2
2015,atal,Not Found
2015,ppsn,Not Found
2014,colt,62,0,0,0
2014,emnlp,228,0,4,2
2014,ecai,276,1,5,2
2014,eccv,Not Found
2014,icra,1038,0,3,2
2014,aips,Not Found
2014,iccbr,38,0,0,0
2014,coling,223,0,2,0
2014,kr,93,0,0,0
2014,uai,95,0,2,2
2014,atal,Not Found
2014,ppsn,94,0,1,0
2013,colt,52,2,1,3
2013,emnlp,189,0,1,2
2013,ecai,Not Found
2013,eccv,Not Found
2013,icra,874,0,4,2
2013,aips,Not Found
2013,iccbr,27,0,0,0
2013,coling,Not Found
2013,kr,Not Found
2013,uai,74,0,6,3
2013,atal,Not Found
2013,ppsn,Not Found
ML conference class C
2017,accv,Not Found
2017,conll,47,1,1,0
2017,gecco,179,0,2,0
2017,ictai,Not Found
2017,alt,35,0,1,1
2017,icann,Not Found
2017,fgr,Not Found
2017,icdar,230,0,1,0
2017,ilp,Not Found
2017,ksem,48,0,1,0
2017,iconip,Not Found
2017,icpr,Not Found
2017,icb,Not Found
2017,ijcnn,622,2,23,17
2017,pricai,Not Found
2017,naacl,Not Found
2017,bmvc,Not Found
2017,iros,879,2,3,1
2017,aistats,168,0,7,3
2017,acml,43,1,2,2
2016,accv,Not Found
2016,conll,33,0,1,0
2016,gecco,148,0,1,0
2016,ictai,156,1,8,2
2016,alt,25,0,2,0
2016,icann,Not Found
2016,fgr,Not Found
2016,icdar,Not Found
2016,ilp,11,0,0,0
2016,ksem,50,0,2,0
2016,iconip,Not Found
2016,icpr,709,1,22,13
2016,icb,53,0,0,0
2016,ijcnn,729,1,49,27
2016,pricai,69,0,1,1
2016,naacl,183,0,3,1
2016,bmvc,147,0,2,1
2016,iros,831,0,4,4
2016,aistats,165,0,9,9
2016,acml,31,0,0,4
2015,accv,Not Found
2015,conll,40,0,0,0
2015,gecco,183,0,2,1
2015,ictai,148,0,5,0
2015,alt,26,0,1,1
2015,icann,Not Found
2015,fgr,Not Found
2015,icdar,254,0,3,0
2015,ilp,15,0,0,2
2015,ksem,80,0,4,1
2015,iconip,Not Found
2015,icpr,Not Found
2015,icb,78,0,1,0
2015,ijcnn,560,0,28,15
2015,pricai,Not Found
2015,naacl,244,0,3,2
2015,bmvc,190,0,1,4
2015,iros,971,3,5,1
2015,aistats,128,1,4,4
2015,acml,30,0,1,0
2014,accv,Not Found
2014,conll,22,0,0,0
2014,gecco,181,0,2,0
2014,ictai,145,1,8,1
2014,alt,25,0,1,0
2014,icann,106,0,1,4
2014,fgr,Not Found
2014,icdar,Not Found
2014,ilp,15,0,1,0
2014,ksem,35,0,1,0
2014,iconip,Not Found
2014,icpr,798,0,26,22
2014,icb,Not Found
2014,ijcnn,620,0,21,24
2014,pricai,95,0,0,0
2014,naacl,Not Found
2014,bmvc,132,0,3,0
2014,iros,750,1,1,1
2014,aistats,123,0,2,3
2014,acml,27,0,0,2
2013,accv,Not Found
2013,conll,27,0,0,0
2013,gecco,205,0,3,0
2013,ictai,150,0,8,1
2013,alt,28,0,1,0
2013,icann,79,0,2,2
2013,fgr,Not Found
2013,icdar,286,0,3,2
2013,ilp,10,0,0,0
2013,ksem,51,0,3,0
2013,iconip,Not Found
2013,icpr,Not Found
2013,icb,77,0,0,0
2013,ijcnn,436,0,22,15
2013,pricai,Not Found
2013,naacl,172,0,3,1
2013,bmvc,135,0,3,5
2013,iros,901,3,3,2
2013,aistats,72,0,2,0
2013,acml,34,0,0,2
